{"cameraMode":{"drawMode":0,"name":"Shaded","section":"Shading Mode"},"sceneLighting":true,"audioPlay":false,"sceneViewState":{"showFog":true,"showMaterialUpdate":false,"showSkybox":true,"showFlares":true,"showImageEffects":true,"showParticleSystems":true},"in2DMode":false,"pivot":{"x":1.4183207750320435,"y":0.9641533493995667,"z":10.37036418914795},"rotation":{"x":0.4575427174568176,"y":0.45123249292373659,"z":-0.29140278697013857,"w":0.7087271809577942},"size":0.8660253882408142,"orthographic":false}