{"cameraMode":{"drawMode":0,"name":"Shaded","section":"Shading Mode"},"sceneLighting":true,"audioPlay":false,"sceneViewState":{"showFog":true,"showMaterialUpdate":false,"showSkybox":true,"showFlares":true,"showImageEffects":true,"showParticleSystems":true},"in2DMode":false,"pivot":{"x":-6.686077117919922,"y":0.06371557712554932,"z":5.307356357574463},"rotation":{"x":-0.1590733677148819,"y":0.11555135995149613,"z":-0.018482021987438203,"w":-0.9804966449737549},"size":2.5635104179382326,"orthographic":false}